Date,Global_Factor_filtered,Facilitating_filtered,Other_filtered,Restrictive_filtered,Remaining_others_filtered,G20_filtered,Non_G20_filtered,GDP_weighted_filtered
Jan 2010,,,,,,,,
Feb 2010,,,,,,,,
Mar 2010,-0.667126448801439,-1.20101950202832,-0.57223884866893,-1.27126060343503,-1.42307049821221,-1.15402146248042,-0.200901660174644,-2.04717086061008
Apr 2010,-0.772443686395206,-1.05274717222984,-0.723350735866191,-1.36828432728898,-1.72346683315916,-1.27709735739744,-0.397104979234475,-2.04277353721004
May 2010,-0.790457855131773,-0.66916850621132,-0.867709376320719,-1.25354844934178,-2.18309405894709,-1.22496238773802,-0.474178820618021,-1.81899479422847
Jun 2010,-0.457267508237564,0.082701394940722,-1.12838463170989,-1.06608002804836,-2.63940092674627,-1.18573013652154,-0.549003812325157,-1.69062508751116
Jul 2010,-0.640050120017424,0.235783088087392,-1.34524644212399,-1.03245807547873,-2.89458506084604,-1.96631994930582,-0.512218108209873,-2.46313132408291
Aug 2010,-0.711774036258186,-0.00174461186623723,-1.34299235144965,-0.927367951412532,-2.94035245740306,-1.89406664015484,-0.73376530512125,-2.04651369776645
Sep 2010,-0.987323315113388,-0.74588307330688,-1.13559229880401,-0.986640157490974,-2.6241096964593,-1.78617360319456,-0.849979515211801,-1.92812091208112
Oct 2010,-1.1142359650936,-1.20868816749677,-1.0524465624403,-0.988204779167056,-2.61726238912602,-1.4484258507934,-0.861761892369792,-1.72025051580577
Nov 2010,-1.38895567518109,-1.29486676002249,-1.38156460252529,-1.2796422582969,-2.90124127801314,-2.00932106682139,-0.523725771582095,-2.43841540190795
Dec 2010,-1.22617117176398,-0.920983885682681,-1.44250759231263,-1.22284484524668,-3.29422256075319,-2.04540263100669,-0.214004146767937,-2.27609639357143
Jan 2011,-1.07627196491083,-0.406361671991462,-1.66651874541882,-1.36270287948993,-3.63293197575103,-2.03963673085307,-0.25432531322924,-2.03439523483237
Feb 2011,-0.862133119743521,-0.266516427058203,-1.36190387164305,-1.0529358446629,-3.7376406910625,-1.59133741230983,-0.486713699088167,-1.411954693361
Mar 2011,-0.905768968191083,-0.348331337688942,-1.27892940358506,-0.832576134850933,-3.88487104821184,-1.56146561752545,-0.533631032952881,-1.06648798795076
Apr 2011,-1.07214984598419,-0.510249402300076,-1.38860006565367,-1.09621946678759,-3.85194141225149,-1.68841002923839,-0.613599808565014,-1.03361414006905
May 2011,-1.28292160479993,-0.697474110214086,-1.53002985756104,-1.45558627658129,-3.63992483204606,-2.00606928510688,-0.604217185500647,-1.52992909839642
Jun 2011,-1.39131504239935,-0.730020379250593,-1.70838074079459,-1.60331585906307,-3.50998520092874,-2.169857803859,-0.671448576289449,-1.91460784309882
Jul 2011,-1.36560141340251,-0.630031747021784,-1.6799106789132,-1.06932469308533,-3.59585464309312,-1.56249314962357,-0.926412903991276,-1.66720532053146
Aug 2011,-1.07182547229214,-0.184602586143996,-1.80560415805636,-0.82177471153999,-3.62500476123645,-1.77258677394654,-0.75950916498512,-1.97931514305993
Sep 2011,-0.894025805227136,-0.0956788687595666,-1.66621842561095,-0.709451751689647,-3.51090550515011,-1.66282228784312,-0.783288539640014,-1.7789622397852
Oct 2011,-0.847258769987156,-0.379570343135012,-1.53558653937912,-0.949520880345288,-3.25407760846759,-2.00755886051509,-0.669041722886512,-1.78093655018019
Nov 2011,-1.2098131265057,-1.12957485677517,-1.42030119012342,-1.30062953711049,-3.22311858584552,-2.03051646269629,-0.81254281584346,-1.34143818689156
Dec 2011,-1.8286069001187,-1.75583738489511,-2.02388167663994,-2.0593161252014,-3.47696921758934,-2.63268146217822,-0.915539620572186,-1.89031705406267
Jan 2012,-2.62087443362067,-2.47463969575207,-2.65635108625339,-2.62945244592336,-3.75814756956885,-3.59782979167884,-1.0927618818921,-2.9965188810311
Feb 2012,-2.85467182655378,-2.96092750859821,-2.84869752289452,-2.84998144637002,-3.58034646909992,-3.32205794305998,-1.46518810579293,-2.93902117467372
Mar 2012,-2.65106015643151,-3.16572488821932,-2.44986631594837,-2.44428615236943,-3.4922851763217,-2.70299540236255,-1.99619087200504,-2.10909656449318
Apr 2012,-2.3249934213279,-3.1772045671784,-2.04994109800878,-2.00817379513238,-3.37978622971926,-2.02401828607297,-2.22711865416034,-1.16282335809066
May 2012,-2.30215200924566,-3.11958447834628,-1.97440844458725,-1.70588374174464,-3.51886946464023,-1.9662891286148,-2.36159879181721,-1.39362502169997
Jun 2012,-2.21121612165167,-3.17240035321327,-1.71228331029041,-1.75574906091234,-3.03004650849125,-2.00949465866903,-1.93589031009389,-1.82907455706815
Jul 2012,-2.20527761332752,-2.80551809774751,-2.00151344302975,-2.57055979590632,-2.69036250481446,-1.92625384664134,-1.57509646779938,-2.20626283458483
Aug 2012,-2.49835835084452,-2.4837105623026,-2.47564986882754,-3.54890485259684,-2.43639083282065,-2.31575708772374,-1.29409419345187,-2.66585948546619
Sep 2012,-2.70149948187161,-1.96951784562583,-2.98492623385158,-4.07024822052965,-2.45659772120004,-2.97325313019985,-1.12841416277026,-3.08196833824199
Oct 2012,-2.32178996954652,-1.51983811667795,-2.59536274851951,-3.46055697589536,-2.23796449560579,-2.84085208674909,-1.01433822900147,-2.67320797616422
Nov 2012,-1.45431225419984,-0.89872422665083,-1.8429579422858,-2.41239700140906,-1.90260240864104,-2.13672476165992,-0.746813004174599,-1.76256700255927
Dec 2012,-0.686657146998423,-0.474523127762281,-0.988781706399183,-1.54490046530455,-1.41641533352737,-0.976522204120323,-0.496395563875122,-0.94248834814303
Jan 2013,-0.375363609366466,-0.318632686413213,-0.496337313803142,-1.06090884212992,-1.05190773279408,-0.748027237045105,-0.198552966041542,-0.77167726308486
Feb 2013,-0.288283530281659,-0.207141655197734,-0.361064341461298,-0.731010755363097,-0.934728859886639,-0.668348627204089,0.0460030133895716,-0.679345985097468
Mar 2013,-0.381952954871156,-0.170391123636356,-0.428755226406293,-0.671040228130711,-0.840751435691465,-1.02211643015509,0.289357209014299,-0.904039048819096
Apr 2013,-0.241073725700405,0.0352661248279758,-0.399753224706416,-0.521549970845737,-1.03666391212046,-1.02194718772153,0.451286470683348,-1.02548155601944
May 2013,0.0990550798161071,0.238747668862185,-0.0630337214257125,-0.235454360125624,-0.958480342008105,-0.786815416422672,0.728192106584779,-1.05280372554961
Jun 2013,0.108133295305678,0.537663394361099,-0.360754693079558,-0.412056697055978,-1.14351434423467,-0.618071966912801,0.727790991141716,-0.840132075159353
Jul 2013,-0.0764787754527496,0.526448370640104,-0.641028839469159,-0.726187721452512,-1.06394642942271,-0.550002372555704,0.589151681161434,-0.748778637676717
Aug 2013,-0.388244306552576,0.390366026242958,-1.04908639090763,-1.0277988716963,-1.16447457856477,-0.732250966413871,0.328803566771215,-0.808642384806685
Sep 2013,-0.584793538849596,0.014957344586042,-1.08311036709123,-1.05074890855012,-1.26662847047495,-0.993764575935905,0.0964936715870636,-1.12023824760699
Oct 2013,-0.737917584307465,-0.25091012189478,-1.18238356180512,-1.00229601883858,-1.44112948186695,-1.56532757845472,0.06561844957984,-1.55676346024039
Nov 2013,-0.811326154086548,-0.565394504164048,-1.03959160669068,-0.874288765877814,-1.50002276895373,-1.69457714167105,0.107056013548018,-1.5788477535633
Dec 2013,-0.797029447961598,-0.637142749546725,-0.97518905267114,-0.610933707930498,-1.59938944970957,-1.63821691409892,0.150306947110023,-1.34803462176498
Jan 2014,-0.505356314206762,-0.636970390624668,-0.573678498634044,-0.364030426786039,-1.22174081886592,-0.88849527906422,0.100579947551856,-0.372651096279067
Feb 2014,-0.512461313909374,-0.650106930977725,-0.599888272083629,-0.682554593744259,-0.912008419735343,-0.685996430909187,-0.154676025706158,0.0071652979391516
Mar 2014,-0.711141660821615,-0.704845600460305,-0.794262430401982,-1.25027860441865,-0.702810567103696,-0.654228729208035,-0.525242175706314,0.124653848893486
Apr 2014,-0.884978693199674,-0.47881743264065,-1.36971416535674,-1.68200545596129,-0.971841921173943,-1.03453256356506,-0.623651323086763,-0.507949934912808
May 2014,-1.31969312728312,-0.56318425172798,-1.79842562879031,-1.91867418007104,-1.2778758863303,-1.44626737114919,-0.976406964157452,-0.844795550088027
Jun 2014,-1.08730134810288,-0.656019072402581,-1.36406195630568,-1.4428995032811,-1.03269577749008,-1.26931428030225,-0.92234580691168,-0.676990346281565
Jul 2014,-0.967267731002188,-0.776302552344174,-1.00549820827254,-0.991293269614869,-1.00146752202483,-0.853340109954194,-1.1377751248444,-0.30732294952315
Aug 2014,-0.758920391334941,-0.808865331583182,-0.693648820052811,-0.61728493752285,-0.872108024339364,-0.72866225249554,-0.941852847129327,-0.479693370725575
Sep 2014,-0.654140527487631,-0.808793228548453,-0.692445399884081,-0.512714167494235,-0.982652893920895,-0.606634751926178,-0.907391155544214,-0.490242648934515
Oct 2014,-0.829773108602217,-0.976224033857169,-0.747430764709691,-0.609973717663873,-0.976281607004625,-0.732319262657919,-0.850603871942734,-0.500572312497102
Nov 2014,-0.812158698852497,-0.796085532264558,-0.982715007659959,-0.946285379070097,-1.07528448380891,-0.600174173524339,-0.869758837204138,-0.413440934780529
Dec 2014,-0.825615948630023,-0.683149364461882,-0.989684474335823,-1.02756578187073,-1.03580730433724,-0.632134415538044,-0.565133954241356,-0.596858940856369
Jan 2015,-0.577688081527538,-0.5702299921699,-0.730798734186743,-0.852952967914537,-0.754617903330007,-0.603069734005406,-0.155404263876079,-0.79608571434413
Feb 2015,-0.356708499849129,-0.589094674499105,-0.181481018054894,-0.212673027466212,-0.458673185790045,-0.741120502445581,0.183045465912048,-0.930626361127544
Mar 2015,-0.0991188653449437,-0.338433092688258,0.0728647509391894,0.0734513819092957,-0.182816627410045,-0.544198211335652,0.184553397966706,-0.941022199107339
Apr 2015,0.23071112152971,0.0907765264699292,0.319378231905112,0.0411279332723383,0.166378554755815,-0.149189712802471,0.166920366780226,-0.335693772408843
May 2015,0.443333843323858,0.513508785958897,0.285750048942932,0.0245198792001275,0.392701454878329,0.408810475773902,0.152325272820078,-0.028831211483498
Jun 2015,0.533147903001672,0.784835140068054,0.212614704474753,0.077712675854879,0.423134548344578,0.626692988165184,0.357489006570136,0.280064187646639
Jul 2015,0.608453556270008,0.773087836972507,0.410548398788244,0.182792302616794,0.542470746898186,0.616786576278455,0.653701556104599,0.0645260385687814
Aug 2015,0.737034000265421,0.854113183900923,0.575874338536017,0.141489775305847,0.644701139374881,0.601411240964554,0.919397702326208,0.329527421040484
Sep 2015,1.08375008168577,0.949382867731209,1.00500282939482,0.250812251741855,0.879344158838833,0.843989098109646,1.01504167823893,0.522570194492243
Oct 2015,1.09671722833066,0.879147507458636,1.09261592977662,0.208546718679383,0.931895332139074,0.775360478733885,0.735923493855518,0.777448787926225
Nov 2015,0.767759034589956,0.434083750101399,1.14825894907658,0.140629688260112,0.90142863999223,0.548319577634612,0.676758660932222,0.576908616620403
Dec 2015,0.314855629485632,0.134525332540003,0.720664201003762,-0.406005790531713,0.664010410222106,0.201090930169082,0.559555419971203,0.40227355966811
Jan 2016,-0.0976434264887578,0.0579051972280246,0.114954939993173,-0.726200444474125,0.185342814079666,0.0953113434297471,0.46449531267895,0.26440228078428
Feb 2016,0.084611512204272,0.269174750433217,-0.057720962530983,-0.790039481271756,0.0146616296525994,0.301485084173841,0.320080545375476,0.664684894138184
Mar 2016,0.148949720022747,0.256925222562628,-0.0487125043976893,-0.473400749669863,-0.0363615873744703,0.196861352582065,0.43632439257879,0.698665624467055
Apr 2016,0.251084517219009,0.0831626347017996,0.188767911011621,-0.32523252663584,0.263923176183418,0.0749571819577367,0.710329468202624,0.450439599924077
May 2016,0.218548903750679,-0.0785864622654788,0.15825779861785,-0.567384466669462,0.392902281176293,-0.0222483677031716,0.838803471022007,0.257781677318684
Jun 2016,-0.0767875457384264,-0.341303010301073,-0.0232251389310501,-0.88300241580035,0.442861218831109,-0.147383569321069,0.610711518308903,-0.0149040666504077
Jul 2016,0.0043350044100997,-0.492826927443818,0.147178135828209,-1.06741396676838,0.550467626851697,-0.011831452773038,0.365646274353062,-0.035640962928818
Aug 2016,-0.0346830466087592,-0.491650749173686,0.0511391410312173,-1.149735066,0.519901806280673,0.0305736478507195,0.0169567817474455,-0.234710824223819
Sep 2016,-0.0524152480684374,-0.595907536006168,0.0801201107764638,-1.16892746657405,0.380989133874393,0.209937253256872,-0.473212180828831,-0.0096660772723812
Oct 2016,-0.627590477307762,-0.857877597111856,-0.498404407545404,-1.20914705091001,-0.248375553707525,-0.276484266953055,-0.867698348116268,0.170678909088084
Nov 2016,-1.07118313673265,-1.11497827179306,-0.928501882354585,-1.21366756324371,-0.736640416041742,-0.624443264587065,-1.1523598009829,0.0424209993108686
Dec 2016,-1.25236591595049,-1.1091044615107,-1.27633779294645,-1.30072289012875,-1.15433341627809,-0.909856703804672,-1.0170401063399,-0.448331615160569
Jan 2017,-1.37385502919261,-1.02656303000297,-1.48578098207971,-1.44663658357281,-1.31518775323176,-0.942864221259529,-1.05108663719739,-1.19974014481154
Feb 2017,-1.48256250904991,-1.00001570618411,-1.62662152103553,-1.67454313363322,-1.48562543188092,-1.09564768233915,-1.09881128438064,-1.46753773656514
Mar 2017,-1.68178585663237,-0.986393321925515,-1.88348586967923,-2.09104578108589,-1.5419284203563,-1.24727213506135,-1.4282346199649,-1.35025987026924
Apr 2017,-1.81907831286755,-0.896460100204861,-2.17423459464552,-2.53472947065307,-1.65121546964147,-1.46173040135008,-1.49530678942497,-1.06869263185001
May 2017,-1.75105930417527,-0.770201573059555,-2.18694160542796,-2.78793293568709,-1.6519157101508,-1.50315947022456,-1.24011254552036,-1.01821255650495
Jun 2017,-1.79877535966009,-0.761715718861546,-2.24544773324988,-2.87354032405208,-1.77240534925587,-1.54008138336414,-1.31895280049428,-0.913815604438698
Jul 2017,-1.8001286979162,-0.745567818620632,-2.24196619345693,-2.52331024232459,-2.13013113790771,-1.37864557422405,-1.85570670376981,-0.714373413957263
Aug 2017,-1.28112429270898,-0.812650870474231,-1.60835926666288,-1.65221913791196,-2.21958523283758,-0.579775399328957,-2.30182593165039,0.278799701670369
Sep 2017,-1.65399758341761,-1.30418086743034,-1.54659076033684,-1.48129456559476,-2.32340727483758,-0.856840567224861,-2.38407837029496,-0.0312425435163734
Oct 2017,-1.76720558216666,-1.64787528007725,-1.40292878976783,-2.13968397139334,-1.93487868139042,-0.729436025194446,-2.19440039660134,-0.89347069804224
Nov 2017,-2.06106001543255,-1.6553574647863,-1.6384578189841,-2.423903618945,-1.69480239007884,-1.05945189722806,-1.87218685792126,-1.45918775856919
Dec 2017,-1.35454550513587,-0.941785405221714,-1.19412597684187,-2.02983408787793,-1.18444517692564,-0.415321535989267,-1.63340473811839,-0.96413771881717
Jan 2018,-0.251804494395008,-0.0372696779456033,-0.406331016826094,-0.951891854877908,-0.524774228076083,0.277529689984798,-1.23674279971887,0.190293603470106
Feb 2018,-0.111853272756954,0.272741948110471,-0.231690844036698,-0.909988106034688,-0.144572000018998,0.499025483970344,-1.41803733320863,0.218790839853826
Mar 2018,0.0424821142522571,0.233783977898326,-0.0105899069882973,-0.841003895271577,-0.0207811179504975,0.702513624070158,-1.3364263533891,0.33575908966056
Apr 2018,-0.381924126325107,-0.124182820510182,-0.203509289081569,-0.929248182779531,-0.209871475000067,0.460778100056771,-1.33384475250669,0.369795425211099
May 2018,-0.213094410994388,-0.105002549803713,-0.104787094669912,-0.781499367002909,-0.289888108787684,0.595316691215998,-1.09932716949581,0.707135050982774
Jun 2018,0.0666055719939311,0.0964192692431682,0.0098667504547949,-0.573186091722775,-0.198468382809975,0.722348771371777,-0.882689028134279,1.01710388762335
Jul 2018,0.134688162170023,0.119536616432715,0.14511782316681,-0.520373999283001,-0.118591891626931,0.635943868446339,-0.78401194390217,0.958899351647226
Aug 2018,0.303390005222771,0.188071053663593,0.326333910789539,-0.448990598125194,0.0271606176946217,0.683615918762262,-0.528469401677392,1.08294330731935
Sep 2018,0.423086732722259,0.208238626085619,0.644033729100966,-0.359119187966385,0.161581192537242,0.817555925252132,-0.583570652992485,1.34345697951793
Oct 2018,0.744562733698066,0.449421240324857,0.824824996930265,-0.412946741414536,0.259926104740877,1.08237152967679,-0.583689973027766,1.27517307039076
Nov 2018,0.661129159078945,0.337314143719334,0.821525101908481,-0.616107962097048,0.401888572069272,0.942497705525923,-0.514958846537021,1.24991633905771
Dec 2018,0.334741107336226,0.0455967351323553,0.445971927639401,-0.984010243887668,0.487006119906521,0.622136113993632,-0.445777040343861,0.672928968369308
Jan 2019,-0.0119543991050242,-0.378037940042799,0.186041050109414,-1.26730648357096,0.567176067928303,0.307124643618516,-0.595807090842698,0.802958604266548
Feb 2019,-0.459893336135682,-0.780819266439507,-0.229063168384814,-1.73297577501225,0.412755355782837,0.0022999761907671,-1.22435622154293,0.1379303198445
Mar 2019,-1.01015651738343,-1.23891590474625,-0.60590539805003,-2.00879298548988,0.0168848457484199,-0.404737469890515,-1.81323210920805,0.0079616585224872
Apr 2019,-1.48046173492787,-1.58469219203572,-0.896782620721018,-1.97887310758143,-0.318226910868124,-0.680006713476423,-1.99276759984434,-0.302532354678148
May 2019,-1.24781014831301,-1.49249285309426,-0.657740107032044,-1.55771762750121,-0.289151755023498,-0.393400099882483,-1.8477794951024,0.124219448348007
Jun 2019,-0.85789745418868,-1.12218022985944,-0.410825001963516,-1.34947512562321,-0.048109177445743,0.017164627486971,-1.829551837116,0.300821174919358
Jul 2019,-0.151044921276605,-0.598932303422115,0.0339155281282476,-1.14442178092974,0.321370585641155,0.626362646696051,-1.6874249178011,0.970526385307226
Aug 2019,-0.0934878765879388,-0.526264682424608,0.161005059332825,-1.0857273257782,0.446430825891078,0.674545554052764,-1.80914759062177,0.978957052520694
Sep 2019,0.0457961231699227,-0.572436864575469,0.261705090524895,-1.11583683169491,0.539324863098007,0.686107634625438,-1.69445039306571,0.983025795062812
Oct 2019,-0.535981173790688,-1.0203599314417,-0.059047297635697,-1.6134905029544,0.161451390575947,-0.0288861600233883,-1.97261429230598,0.0636746363236695
Nov 2019,-0.597668529595373,-1.16925630082201,-0.119329800793107,-1.80187196898369,0.00637814939704324,-0.0855205373528435,-1.96087506858362,-0.0062167493811595
Dec 2019,-0.551829149924046,-1.03775715763761,-0.163282332219666,-1.58265166880063,-0.222658695461395,-0.0714747254239499,-1.52022656933099,0.168978196777646
Jan 2020,-0.434979509843922,-0.7246389793971,-0.14611573866308,-1.00378331954088,-0.15197316727892,0.322035330958443,-1.25739884955384,0.680651599221224
Feb 2020,-0.336586710788661,-0.119342472336216,-0.31902280777526,-0.821231129649335,-0.176078008587848,0.0913417851330518,-0.621728485427282,0.480795384113051
Mar 2020,0.275051933045591,0.746191329371332,0.0401477700209748,-0.456429224896815,0.287642797537222,0.307930410518484,0.177535594657462,0.624269319696662
Apr 2020,1.27486368939572,1.6253057263066,0.667165761715952,-0.0557973834073907,0.93812589352662,0.78923661990188,1.24863229087256,0.734015890091291
May 2020,1.43217144766161,1.51897328580665,1.15375874223417,0.237095225195454,1.34031132208483,1.16937814134226,1.41284961814334,1.12463666772541
Jun 2020,1.08506520333269,0.997768443308321,1.11562680610398,0.206813490258993,1.30187586351017,1.08198293910883,1.16158145556138,0.763859273712152
Jul 2020,0.748633812341194,0.709697223114766,0.87934952022258,0.124686158796425,1.15296898149113,0.900363172804543,0.945454615308904,0.617660380172576
Aug 2020,0.847948056968863,0.926548975519642,0.767071504313043,0.137382940556122,1.29929079988592,0.773169410517725,1.14194484324018,0.380500244967993
Sep 2020,1.01033264516294,1.25002595697983,0.841383585830332,0.00123185457426977,1.58977214012705,0.865870535910733,1.21748925797386,0.74601573804821
Oct 2020,1.22867010985421,1.49970414261122,0.98584199717793,-0.195150249816433,1.41546026745803,1.0794596157312,0.843183608741259,1.03050473052555
Nov 2020,1.18786430531268,1.56194462331252,0.881539426344263,-0.35277815230768,1.12311331944676,1.08677768526121,0.582267063018908,1.20607951606587
Dec 2020,1.04723610644946,1.24523634892084,0.880190560651614,-0.387641103749201,1.14828261870194,0.812028641874631,0.662342152985432,0.934402874371228
Jan 2021,0.667502960713246,0.709410493695631,0.766688407741727,-0.420234343416495,1.42543230182329,0.406419391108465,0.994584258505049,0.542272640686233
Feb 2021,0.802173217170691,0.535469692592047,0.808220908230164,-0.408588245884558,1.61513991726262,0.546670910738147,1.06957491034456,0.486714882787737
Mar 2021,0.630461786952928,0.392370541339101,0.539560303815151,-0.463173749274873,1.39873302896007,0.567300115445122,0.890695159645002,0.382814790151715
Apr 2021,0.541585920531931,0.207086241204712,0.472141020775657,-0.395406752193887,1.3235464133452,0.561782919328899,0.731382860047461,0.520721537689441
May 2021,0.169978874589526,-0.19439279646547,0.322303539994374,-0.550705034624566,1.30362876242789,0.254691862135356,0.638951228412505,0.252791839188063
Jun 2021,0.445384613178988,-0.431971454988866,0.51052799258475,-0.849643972027061,1.54031253310313,0.565977446253626,0.572625559252286,0.52887003631358
Jul 2021,-0.196249698041818,-1.02589047819922,-0.279382221338417,-1.62756626950288,1.22826674053114,-0.0399988879755619,0.355104628062466,-0.0069048438365132
Aug 2021,-1.34841787704351,-2.13858031309245,-1.28490462922121,-2.10376268324156,0.703424661460724,-0.986771343561237,-0.348648534032455,-0.241725840645351
Sep 2021,-3.05276299139661,-3.16571011801918,-3.05161530025641,-2.62752509240367,-0.192148451154953,-2.55743799067933,-0.748963111953038,-1.41822049787562
Oct 2021,-4.96372066419581,-3.77559594172864,-4.87148416692394,-2.99982950213258,-0.0504120600730716,-4.0647987871447,-0.547702725278546,-2.31434765392236
Nov 2021,-3.73653466927677,-2.78631317706671,-4.08611476117888,-2.2845013697402,0.638849747027068,-3.07884960760742,0.584127472194288,-1.67393426363629
Dec 2021,-2.22982890439143,-1.55295377567889,-2.42775625549077,-1.15990074921212,1.34153622839621,-1.7331825831614,1.33564728002798,-0.7230586036421
Jan 2022,0.431196854122173,-0.0822814765073912,0.249048182290112,0.531880572478147,1.38118553692183,0.536159015057676,1.5603185932991,0.793903691430819
Feb 2022,0.940952383638841,0.648839505705467,1.04542163471832,1.46700802949662,1.16033764988329,0.882793492314154,1.67577030372718,0.974232457033313
Mar 2022,1.58566679157039,1.23166923829518,1.7661659794281,2.42489199638738,1.24951007954156,1.24433241842811,2.19092366045385,1.09382355606593
Apr 2022,1.84138654756185,1.64382996490121,2.01449887052317,2.85884206427853,1.3739099685205,1.46657489396966,2.47587493632273,1.26093330668455
May 2022,1.73525203352159,1.91576416965941,1.71270725321306,2.70423544366572,1.3445031712098,1.32482099062933,2.5535790467407,0.900971907157701
Jun 2022,1.47504729149768,2.16324071296724,1.18275330122515,2.32624828750454,1.15532622052459,1.07028722594118,2.27716393368273,0.73689848813322
Jul 2022,1.53725701095455,2.42021225588893,1.04563614894281,2.27659222430448,1.16636153268667,1.02915612191061,2.30831316597002,0.431978433813642
Aug 2022,1.80078144214951,2.53426192574053,1.42718484722373,2.44041006885823,1.51106880007843,1.36746520327747,2.1971977728617,0.58701840240168
Sep 2022,1.93355238649624,2.5346742087786,1.78197898386501,2.64700083011782,1.87493437163241,1.67191367362077,2.0240303356092,0.842573722863106
Oct 2022,2.38009340477249,2.52283805886412,2.37993075027291,2.98661154874866,2.14030018635485,2.07857161450482,2.02479216909044,1.50306137645681
Nov 2022,2.33659201562891,2.37600416991865,2.43029778453036,3.08600184520333,2.3006943988454,2.09958166512554,2.10384765347563,1.73012123212082
Dec 2022,2.25882715022384,2.11020300884111,2.42535454341736,3.1804835584509,2.39403015325606,2.06344309304192,2.23496692668439,1.69456249647151
Jan 2023,1.92074236577873,1.79730991471864,2.18035773542112,3.0888631661849,2.44878168212609,1.87950271459314,2.18946675534704,1.15830135386237
Feb 2023,1.81476777995609,1.59479353767263,2.09257849983912,3.08715883139258,2.41733695725892,1.81557111997097,2.02803433131352,1.09337030013937
Mar 2023,1.67697917474606,1.41425529194221,1.82703002992352,2.86779497766343,2.32276012936681,1.74248040963749,1.65940128160392,0.84575391654825
Apr 2023,1.22920568175242,1.1398972894829,1.38228680776293,2.49152396037911,2.22710729233715,1.27685818415269,1.32390675139615,0.681900268751468
May 2023,1.19287018113245,1.01107700716612,1.22861398846813,2.36528096798441,2.10136148238837,1.27088248968797,1.00731799321846,0.659006256739648
Jun 2023,1.13356193932342,0.888887629514823,1.35633425058642,2.49417440419163,2.04268896032038,1.18568277925052,0.873285062934157,0.941457040211833
Jul 2023,1.17057775485744,0.879573786277224,1.49709294496602,2.67169478110191,2.04970927811759,1.37615539987023,0.652485344380307,0.978532708234896
Aug 2023,1.15465815391303,0.978495903013029,1.54281958805641,2.87471321149705,1.98866662663432,1.37120819489929,0.569549810715556,0.83449053192071
Sep 2023,1.19947904176902,1.1253539603968,1.61546592803448,2.91219813799662,1.92369620844472,1.58936727683205,0.201807412416417,0.729947669018122
Oct 2023,1.23235047066814,1.29816503659499,1.57365240816139,2.67972733923173,1.85966668522053,1.69258268486279,-0.15959832337324,0.943602095594421
Nov 2023,1.37795277380582,1.41518631043599,1.70884053287043,2.5294160348513,2.04394178951502,1.95400682336447,-0.212160539213009,1.15236613657365
Dec 2023,1.64153781019292,1.57231070411703,1.95186939081301,2.71438038197491,2.25570636417999,2.18590854219327,0.236856068688726,1.686107870884
Jan 2024,2.01758023955378,1.74221381919165,2.21852239368555,3.00138442924014,2.46902477065785,2.40438569893565,0.84861225524641,1.94719264169006
Feb 2024,1.77744918034707,1.66031276913991,2.01768085400212,2.88078214058471,2.55479764150783,2.10290115948362,0.886276828681286,1.87631235864202
Mar 2024,1.4709027125592,1.49339173757593,1.67130417360922,2.56360095864528,2.66957467520817,1.77568070610319,0.834161818422337,1.6717865015351
Apr 2024,1.28330873163594,1.3882736683647,1.50401431354313,2.50195948878728,2.81248605692179,1.74332879762347,0.637170315906995,1.58939501087472
May 2024,1.35979384563345,1.28303213251979,1.69136487361363,2.76934000656666,3.01799008075118,1.86800536136402,0.647659626140073,1.3823713806548
Jun 2024,1.56454146938725,1.35659751197786,1.85664195224055,2.93904062442884,3.23620925046409,2.1804856813042,0.502805274060945,1.35548939451193
Jul 2024,1.78462291277843,1.34748799071795,2.12678708725223,3.16201671398342,3.4653627983253,2.31055361891305,0.725957102554471,1.48684405422696
Aug 2024,1.74690890050673,1.36936912402212,2.00149658924763,3.24057267603712,3.32355711143681,2.1853411203913,0.782230509927179,1.49336459198302
Sep 2024,1.65090890381394,1.24719537504746,1.96087054733553,3.36564923272175,3.18225671507627,1.91263179884052,0.753980577332143,1.54670118896107
Oct 2024,1.95857539263891,1.30130028500889,2.19314675542894,3.46595969806481,3.16824824935332,2.07148966633991,0.835341352136551,1.69538382503074
Nov 2024,1.84843648139826,1.19706879325029,2.12892687712025,3.46763510688141,3.04713454513758,1.79924403497261,0.978198977864973,1.67157845289571
Dec 2024,1.78806165063066,1.14213440298434,2.14375047280771,3.62528901701113,2.88783542108129,1.78616161891347,1.19243976344116,1.62290939587839
Jan 2025,1.61639515795287,1.12363988384561,2.16194578797949,4.0899334852472,2.70897503563121,1.78419388827879,1.0654590414722,1.82015601568187
Feb 2025,2.12654694141008,1.42485778618262,2.63442035601392,4.55658462860232,2.98012736443209,2.46432971543419,1.02026484283652,2.34161126071996
Mar 2025,2.48906582967365,1.69926916523092,2.97694774759661,4.90997515101602,3.28367760319364,2.870578451284,1.19075198004696,2.69461039759482
Apr 2025,2.77534254397831,1.854184270057,3.26936161711108,5.36931088871606,3.44012379073652,3.13528970418564,1.63512660791965,2.89561735042779
May 2025,2.83532034361345,2.04467370747561,3.26334265791564,5.63225026587873,3.39851357492179,3.02091565212878,2.20184161468263,3.10804187377344
Jun 2025,2.78310580392374,2.22093548546649,3.14133902499307,5.89736759983483,3.26621329934797,2.63268000245279,2.47803851527617,2.97092134104137
Jul 2025,2.91824592033463,2.51034964290655,3.1045088971716,6.07403773599753,3.36103009813565,2.57508389882905,2.63712507919259,3.08862676715509
Aug 2025,3.27961149466311,2.64581885615176,3.57770476201107,6.31074316919974,3.78526852323728,2.99945561543637,2.60501888626855,3.63782205960563
Sep 2025,3.82372095310913,2.77755904249998,4.12689873717312,6.43783858161592,4.32860369707542,3.73860860854145,2.56956116731388,4.2393955118065
Oct 2025,3.8404971053418,2.60400066684085,4.36888457880669,6.25955235243258,4.65196681207752,3.82393894777364,2.27821854668405,3.8270843744588
